task_description,category,skill,task_load
Implement user authentication,backend,spring boot,122
Optimize server performance,backend,asp.net,122
Manage database operations,backend,django,122
Implement user authentication,backend,api,122
Build a microservice,backend,kotlin,122
Optimize server performance,backend,laravel,122
Optimize server performance,backend,c,122
Optimize server performance,backend,C++,122
Optimize server performance,backend,go,122
Develop an API,backend,c,122
Build a microservice,backend,django,122
Manage database operations,backend,php,122
Build a microservice,backend,node.js,122
Manage database operations,backend,api,122
Develop an API,backend,ruby,122
Integrate third-party services,backend,spring boot,122
Optimize server performance,backend,scala,122
Develop an API,backend,python,122
Build a microservice,backend,rust,122
Build a microservice,backend,spring boot,122
Manage database operations,backend,kotlin,122
Develop an API,backend,laravel,122
Develop an API,backend,flask,122
Optimize server performance,backend,api,122
Implement user authentication,backend,asp.net,122
Optimize server performance,backend,database,122
Integrate third-party services,backend,flask,122
Implement user authentication,backend,django,122
Develop an API,backend,spring boot,122
Develop an API,backend,go,122
Build a microservice,backend,flask,122
Optimize server performance,backend,spring boot,122
Develop an API,backend,rust,122
Build a microservice,backend,api,122
Optimize server performance,backend,django,122
Integrate third-party services,backend,database,122
Implement user authentication,backend,node.js,122
Manage database operations,backend,ruby,122
Integrate third-party services,backend,c,122
Implement user authentication,backend,ruby,122
Build a microservice,backend,go,122
Build a microservice,backend,php,122
Develop an API,backend,asp.net,122
Integrate third-party services,backend,ruby,122
Build a microservice,backend,database,122
Manage database operations,backend,python,122
Integrate third-party services,backend,kotlin,122
Develop an API,backend,database,122
Develop an API,backend,django,122
Develop an API,backend,api,122
Develop an API,backend,java,122
Optimize server performance,backend,kotlin,122
Integrate third-party services,backend,java,122
Build a microservice,backend,c,122
Integrate third-party services,backend,django,122
Build a microservice,backend,asp.net,122
Implement user authentication,backend,rust,122
Develop an API,backend,scala,122
Implement user authentication,backend,php,122
Optimize server performance,backend,java,122
Build a microservice,backend,C++,122
Optimize server performance,backend,node.js,122
Manage database operations,backend,go,122
Integrate third-party services,backend,rust,122
Integrate third-party services,backend,node.js,122
Build a microservice,backend,java,122
Build a microservice,backend,ruby,122
Build a microservice,backend,scala,122
Manage database operations,backend,spring boot,122
Optimize server performance,backend,ruby,122
Optimize server performance,backend,flask,122
Integrate third-party services,backend,scala,122
Optimize server performance,backend,python,122
Build scalable microservices,backend,Docker,122
Integrate third-party services,backend,C++,122
Implement user authentication,backend,python,122
Manage database operations,backend,node.js,122
Manage database operations,backend,c,122
Integrate third-party services,backend,asp.net,122
Integrate third-party services,backend,go,122
Build a microservice,backend,python,122
Optimize database queries,backend,SQL,122
Develop RESTful APIs,backend,node.js,122
Integrate third-party services,backend,Python,122
Implement authentication mechanisms,backend,JWT,122
Optimize server performance,backend,php,122
Integrate third-party services,backend,laravel,122
Manage database operations,backend,java,122
Implement user authentication,backend,scala,122
Develop an API,backend,node.js,122
Manage database operations,backend,database,122
Implement user authentication,backend,C++,122
Manage database operations,backend,rust,122
Develop an API,backend,php,122
Manage database operations,backend,C++,122
Implement user authentication,backend,go,122
Manage database operations,backend,asp.net,122
Develop an API,backend,kotlin,122
Manage database operations,backend,laravel,122
Integrate third-party services,backend,php,122
Implement user authentication,backend,kotlin,122
Integrate third-party services,backend,python,122
Develop an API,backend,C++,122
Implement user authentication,backend,laravel,122
Implement user authentication,backend,database,122
Manage database operations,backend,flask,122
Implement user authentication,backend,flask,122
Implement user authentication,backend,c,122
Optimize server performance,backend,rust,122
Integrate third-party services,backend,api,122
Manage database operations,backend,scala,122
Build a microservice,backend,laravel,122
Create data caching mechanism,backend,redis,122
Integrate external payment gateway,backend,node.js,122
Implement authentication and authorization,backend,jwt,122
Optimize database queries for performance,backend,sql,122
Develop REST API for user management,backend,spring boot,122
Implement caching mechanisms,backend,redis,122
Develop authentication system,backend,django,122
Build a microservice architecture,backend,spring boot,122
Create RESTful APIs,backend,node.js,122
Implement user authentication,backend,java,122
Manage cloud services on Heroku,cloud,azure,35
Migrate services to Azure,cloud,aws,35
Deploy app on AWS,cloud,azure,35
Migrate services to Azure,cloud,firebase,35
Implement cloud backup,cloud,azure,35
Migrate services to Azure,cloud,heroku,35
Implement cloud backup,cloud,aws,35
Set up Firebase for app hosting,cloud,heroku,35
Deploy app on AWS,cloud,aws,35
Manage cloud services on Heroku,cloud,heroku,35
Deploy app on AWS,cloud,heroku,35
Migrate services to Azure,cloud,google cloud,35
Implement cloud backup,cloud,firebase,35
Manage cloud services on Heroku,cloud,firebase,35
Configure Google Cloud storage,cloud,firebase,35
Migrate services to Azure,cloud,azure,35
Deploy app on AWS,cloud,google cloud,35
Deploy app on AWS,cloud,firebase,35
Set up Firebase for app hosting,cloud,aws,35
Set up Firebase for app hosting,cloud,azure,35
Configure Google Cloud storage,cloud,heroku,35
Set up Firebase for app hosting,cloud,firebase,35
Manage cloud services on Heroku,cloud,google cloud,35
Implement cloud backup,cloud,heroku,35
Implement cloud backup,cloud,google cloud,35
Configure Google Cloud storage,cloud,azure,35
Set up Firebase for app hosting,cloud,google cloud,35
Manage cloud services on Heroku,cloud,aws,35
Configure Google Cloud storage,cloud,google cloud,35
Configure Google Cloud storage,cloud,aws,35
Manage cloud resources,cloud,azure,35
Monitor cloud services,cloud,google cloud,35
Automate deployment to Heroku,cloud,heroku,35
Integrate Firebase authentication,cloud,firebase,35
Deploy application on AWS,cloud,aws,35
Build a recommendation engine,data science,Python,5
Visualize data insights,data science,Tableau,5
Perform statistical analysis,data science,R,5
Develop machine learning models,data science,TensorFlow,5
Data cleaning and preprocessing,data science,Pandas,5
Monitor and manage database performance,database,oracle,5
Perform data migration to new schema,database,postgresql,5
Set up database backup and restore protocols,database,mongodb,5
Design database schema for user profiles,database,mysql,5
Optimize indexing for faster searches,database,elasticsearch,5
Manage database backups,database administration,mongoDB,64
Perform database indexing,database administration,redis,64
Configure database replication,database administration,PostgreSQL,64
Manage database backups,database administration,sqlite,64
Migrate data to the cloud,database administration,sqlite,64
Perform database indexing,database administration,mongoDB,64
Design database schema,database administration,redis,64
Manage database backups,database administration,MySQL,64
Configure database replication,database administration,SQL,64
Configure database replication,database administration,cassandra,64
Perform database indexing,database administration,sqlite,64
Design database schema,database administration,PostgreSQL,64
Perform database indexing,database administration,PostgreSQL,64
Manage database backups,database administration,redis,64
Optimize SQL queries,database administration,mongoDB,64
Perform database indexing,database administration,oracle,64
Design database schema,database administration,MySQL,64
Configure database replication,database administration,sqlite,64
Manage database backups,database administration,data,64
Configure database replication,database administration,MySQL,64
Design database schema,database administration,sqlite,64
Perform database indexing,database administration,MySQL,64
Manage database backups,database administration,oracle,64
Optimize SQL queries,database administration,data,64
Migrate data to the cloud,database administration,redis,64
Design database schema,database administration,oracle,64
Migrate data to the cloud,database administration,data,64
Configure database replication,database administration,data,64
Migrate data to the cloud,database administration,SQL,64
Migrate data to the cloud,database administration,oracle,64
Migrate data to the cloud,database administration,MySQL,64
Optimize SQL queries,database administration,SQL,64
Manage database backups,database administration,storage,64
Configure database replication,database administration,redis,64
Configure database replication,database administration,mongoDB,64
Migrate data to the cloud,database administration,cassandra,64
Optimize SQL queries,database administration,PostgreSQL,64
Design database schema,database administration,SQL,64
Manage database backups,database administration,PostgreSQL,64
Optimize SQL queries,database administration,sqlite,64
Perform database indexing,database administration,cassandra,64
Configure database replication,database administration,oracle,64
Optimize SQL queries,database administration,oracle,64
Optimize SQL queries,database administration,storage,64
Optimize SQL queries,database administration,redis,64
Design database schema,database administration,data,64
Optimize SQL queries,database administration,MySQL,64
Optimize SQL queries,database administration,cassandra,64
Design database schema,database administration,storage,64
Migrate data to the cloud,database administration,PostgreSQL,64
Migrate data to the cloud,database administration,mongoDB,64
Design database schema,database administration,cassandra,64
Configure database replication,database administration,storage,64
Manage database backups,database administration,SQL,64
Perform database indexing,database administration,storage,64
Migrate data to the cloud,database administration,storage,64
Manage database backups,database administration,cassandra,64
Design database schema,database administration,mongoDB,64
Perform database indexing,database administration,data,64
Perform database indexing,database administration,SQL,64
Set up PostgreSQL cluster,database administration,PostgreSQL,64
Backup and restore database,database administration,mongoDB,64
Monitor database performance,database administration,oracle,64
Implement sharding strategy,database administration,cassandra,64
Configure AWS load balancers,deployment,continuous deployment,71
Automate rollback procedures,deployment,heroku,71
Deploy app with Docker,deployment,google cloud,71
Automate rollback procedures,deployment,docker,71
Configure AWS load balancers,deployment,docker,71
Set up monitoring for production,deployment,google cloud,71
Set up monitoring for production,deployment,kubernetes,71
Manage Kubernetes clusters,deployment,docker,71
Manage Kubernetes clusters,deployment,azure,71
Automate rollback procedures,deployment,load balancing,71
Automate rollback procedures,deployment,continuous deployment,71
Ensure continuous deployment,deployment,server configuration,71
Manage Kubernetes clusters,deployment,kubernetes,71
Ensure continuous deployment,deployment,heroku,71
Configure AWS load balancers,deployment,load balancing,71
Deploy app with Docker,deployment,azure,71
Deploy app with Docker,deployment,monitoring,71
Configure AWS load balancers,deployment,monitoring,71
Ensure continuous deployment,deployment,docker,71
Automate rollback procedures,deployment,monitoring,71
Deploy app with Docker,deployment,load balancing,71
Configure AWS load balancers,deployment,server configuration,71
Ensure continuous deployment,deployment,google cloud,71
Deploy app with Docker,deployment,continuous integration,71
Configure AWS load balancers,deployment,kubernetes,71
Set up monitoring for production,deployment,docker,71
Manage Kubernetes clusters,deployment,heroku,71
Configure AWS load balancers,deployment,heroku,71
Set up monitoring for production,deployment,heroku,71
Set up monitoring for production,deployment,aws,71
Set up monitoring for production,deployment,continuous integration,71
Ensure continuous deployment,deployment,azure,71
Automate rollback procedures,deployment,azure,71
Manage Kubernetes clusters,deployment,aws,71
Ensure continuous deployment,deployment,aws,71
Configure AWS load balancers,deployment,azure,71
Automate rollback procedures,deployment,aws,71
Deploy app with Docker,deployment,docker,71
Configure AWS load balancers,deployment,aws,71
Ensure continuous deployment,deployment,kubernetes,71
Deploy app with Docker,deployment,continuous deployment,71
Set up monitoring for production,deployment,load balancing,71
Deploy app with Docker,deployment,kubernetes,71
Deploy app with Docker,deployment,aws,71
Set up monitoring for production,deployment,continuous deployment,71
Configure AWS load balancers,deployment,google cloud,71
Manage Kubernetes clusters,deployment,continuous integration,71
Ensure continuous deployment,deployment,continuous deployment,71
Ensure continuous deployment,deployment,load balancing,71
Manage Kubernetes clusters,deployment,monitoring,71
Automate rollback procedures,deployment,server configuration,71
Automate rollback procedures,deployment,google cloud,71
Automate rollback procedures,deployment,continuous integration,71
Set up monitoring for production,deployment,monitoring,71
Automate rollback procedures,deployment,kubernetes,71
Set up monitoring for production,deployment,server configuration,71
Deploy app with Docker,deployment,server configuration,71
Manage Kubernetes clusters,deployment,load balancing,71
Manage Kubernetes clusters,deployment,server configuration,71
Ensure continuous deployment,deployment,continuous integration,71
Deploy app with Docker,deployment,heroku,71
Manage Kubernetes clusters,deployment,continuous deployment,71
Configure AWS load balancers,deployment,continuous integration,71
Ensure continuous deployment,deployment,monitoring,71
Set up monitoring for production,deployment,azure,71
Manage Kubernetes clusters,deployment,google cloud,71
Configure CI for testing,deployment,jenkins,71
Deploy on Kubernetes cluster,deployment,kubernetes,71
Deploy with zero downtime,deployment,google cloud,71
Set up continuous deployment,deployment,aws,71
Automate deployment using Docker,deployment,docker,71
Automate infrastructure provisioning,devops,terraform,74
Set up CI/CD pipeline,devops,docker,74
Configure Docker containers,devops,ci/cd,74
Set up CI/CD pipeline,devops,git,74
Implement server automation,devops,ansible,74
Configure load balancer,devops,kubernetes,74
Monitor system logs,devops,docker,74
Set up CI/CD pipeline,devops,jenkins,74
Manage infrastructure with Terraform,devops,git,74
Manage infrastructure with Terraform,devops,kubernetes,74
Automate deployment process,devops,terraform,74
Manage infrastructure with Terraform,devops,docker,74
Set up CI/CD pipeline,devops,monitoring,74
Automate deployment process,devops,bash,74
Set up Kubernetes clusters,devops,jenkins,74
Manage infrastructure with Terraform,devops,terraform,74
Manage infrastructure with Terraform,devops,jenkins,74
Set up CI/CD pipeline,devops,ci/cd,74
Set up Kubernetes clusters,devops,kubernetes,74
Monitor server health,devops,bash,74
Monitor server health,devops,docker,74
Configure Docker containers,devops,monitoring,74
Monitor server health,devops,git,74
Monitor server health,devops,ansible,74
Configure Docker containers,devops,bash,74
Automate deployment process,devops,monitoring,74
Automate CI/CD pipeline,devops,jenkins,74
Set up Kubernetes clusters,devops,ansible,74
Implement container orchestration,devops,kubernetes,74
Monitor system logs and alerts,devops,prometheus,74
Ensure high availability of applications,devops,ansible,74
Monitor server health,devops,kubernetes,74
Set up CI/CD pipeline,devops,terraform,74
Automate deployment process,devops,jenkins,74
Manage cloud infrastructure,devops,aws,74
Set up CI/CD pipeline,devops,puppet,74
Configure Docker containers,devops,kubernetes,74
Automate deployment process,devops,git,74
Set up Kubernetes clusters,devops,bash,74
Manage infrastructure with Terraform,devops,monitoring,74
Automate deployment process,devops,ci/cd,74
Monitor server health,devops,terraform,74
Configure Docker containers,devops,puppet,74
Automate deployment process,devops,puppet,74
Set up Kubernetes clusters,devops,docker,74
Set up Kubernetes clusters,devops,git,74
Configure Docker containers,devops,jenkins,74
Configure Docker containers,devops,ansible,74
Configure Docker containers,devops,git,74
Set up CI/CD pipeline,devops,ansible,74
Manage infrastructure with Terraform,devops,puppet,74
Configure Docker containers,devops,docker,74
Manage infrastructure with Terraform,devops,bash,74
Configure Docker containers,devops,terraform,74
Monitor server health,devops,monitoring,74
Set up CI/CD pipeline,devops,kubernetes,74
Monitor server health,devops,jenkins,74
Set up Kubernetes clusters,devops,ci/cd,74
Set up Kubernetes clusters,devops,terraform,74
Manage infrastructure with Terraform,devops,ansible,74
Set up Kubernetes clusters,devops,puppet,74
Automate deployment process,devops,ansible,74
Automate deployment process,devops,docker,74
Set up CI/CD pipeline,devops,bash,74
Monitor server health,devops,ci/cd,74
Automate deployment process,devops,kubernetes,74
Monitor server health,devops,puppet,74
Manage infrastructure with Terraform,devops,ci/cd,74
Set up Kubernetes clusters,devops,monitoring,74
Manage cloud infrastructure,devops,AWS,74
Implement CI/CD workflows,devops,GitLab,74
Monitor server health,devops,Prometheus,74
Automate deployment pipelines,devops,Ansible,74
Containerize applications,devops,Kubernetes,74
Create user manuals,documentation,sphinx,53
Maintain project wiki,documentation,asciidoc,53
Create user manuals,documentation,asciidoc,53
Write release notes,documentation,sphinx,53
Document code for open-source project,documentation,user manuals,53
Maintain project wiki,documentation,confluence,53
Document code for open-source project,documentation,sphinx,53
Create user manuals,documentation,api documentation,53
Maintain project wiki,documentation,technical writing,53
Prepare technical guides,documentation,confluence,53
Maintain project wiki,documentation,markdown,53
Maintain project wiki,documentation,sphinx,53
Write release notes,documentation,user manuals,53
Write API documentation,documentation,sphinx,53
Prepare technical guides,documentation,readthedocs,53
Create user manuals,documentation,readthedocs,53
Write release notes,documentation,technical writing,53
Maintain project wiki,documentation,readthedocs,53
Create user manuals,documentation,confluence,53
Write API documentation,documentation,markdown,53
Prepare technical guides,documentation,api documentation,53
Write release notes,documentation,api documentation,53
Prepare technical guides,documentation,technical writing,53
Prepare technical guides,documentation,asciidoc,53
Document code for open-source project,documentation,readthedocs,53
Maintain project wiki,documentation,user manuals,53
Document code for open-source project,documentation,confluence,53
Write API documentation,documentation,asciidoc,53
Document code for open-source project,documentation,api documentation,53
Create user manuals,documentation,user manuals,53
Prepare technical guides,documentation,user manuals,53
Document code for open-source project,documentation,asciidoc,53
Create user manuals,documentation,technical writing,53
Document code for open-source project,documentation,markdown,53
Write release notes,documentation,markdown,53
Write API documentation,documentation,api documentation,53
Write release notes,documentation,confluence,53
Write release notes,documentation,readthedocs,53
Write API documentation,documentation,readthedocs,53
Prepare technical guides,documentation,sphinx,53
Write API documentation,documentation,confluence,53
Document API endpoints,documentation,confluence,53
Document code for open-source project,documentation,technical writing,53
Maintain project wiki,documentation,api documentation,53
Write release notes,documentation,asciidoc,53
Write API documentation,documentation,technical writing,53
Write API documentation,documentation,user manuals,53
Prepare technical guides,documentation,markdown,53
Create user manuals,documentation,markdown,53
Prepare project documentation,documentation,readthedocs,53
Create UML diagrams,documentation,asciidoc,53
Write detailed installation guide,documentation,technical writing,53
Write technical user manuals,documentation,markdown,53
Implement a landing page,frontend,bootstrap,112
Improve website accessibility,frontend,javascript,112
Create a responsive website,frontend,foundation,112
Implement a landing page,frontend,typescript,112
Develop a mobile-first UI,frontend,materialize,112
Develop a mobile-first UI,frontend,angular,112
Improve website accessibility,frontend,vue,112
Improve website accessibility,frontend,angular,112
Improve website accessibility,frontend,typescript,112
Create a responsive website,frontend,sass,112
Implement a landing page,frontend,user-friendly,112
Create a responsive website,frontend,UI,112
Implement a landing page,frontend,jquery,112
Implement a landing page,frontend,redux,112
Optimize web performance,frontend,user-friendly,112
Optimize web performance,frontend,ember.js,112
Create a responsive website,frontend,vue,112
Improve website accessibility,frontend,sass,112
Optimize web performance,frontend,typescript,112
Implement a landing page,frontend,UX,112
Create a responsive website,frontend,UX,112
Design a user-friendly interface,frontend,jquery,112
Develop a mobile-first UI,frontend,UI,112
Optimize web performance,frontend,UX,112
Implement a landing page,frontend,html,112
Improve website accessibility,frontend,UI,112
Implement a landing page,frontend,javascript,112
Improve website accessibility,frontend,foundation,112
Improve website accessibility,frontend,react,112
Create a responsive website,frontend,materialize,112
Improve website accessibility,frontend,css,112
Implement a landing page,frontend,UI,112
Optimize web performance,frontend,react,112
Improve website accessibility,frontend,user-friendly,112
Optimize web performance,frontend,html,112
Create a responsive website,frontend,redux,112
Develop a mobile-first UI,frontend,sass,112
Design a user-friendly interface,frontend,UX,112
Improve website accessibility,frontend,UX,112
Implement a landing page,frontend,react,112
Optimize web performance,frontend,foundation,112
Design a user-friendly interface,frontend,javascript,112
Develop a mobile-first UI,frontend,user-friendly,112
Design a user-friendly interface,frontend,angular,112
Optimize web performance,frontend,UI,112
Optimize web performance,frontend,sass,112
Improve website accessibility,frontend,bootstrap,112
Design a user-friendly interface,frontend,redux,112
Design a user-friendly interface,frontend,bootstrap,112
Design a user-friendly interface,frontend,vue,112
Optimize web performance,frontend,materialize,112
Improve website accessibility,frontend,jquery,112
Create a responsive website,frontend,ember.js,112
Implement a landing page,frontend,css,112
Improve website accessibility,frontend,html,112
Design a user-friendly interface,frontend,typescript,112
Develop a mobile-first UI,frontend,css,112
Improve website accessibility,frontend,materialize,112
Optimize web performance,frontend,angular,112
Implement a landing page,frontend,ember.js,112
Optimize web performance,frontend,vue,112
Create a responsive website,frontend,bootstrap,112
Design a user-friendly interface,frontend,materialize,112
Develop a mobile-first UI,frontend,foundation,112
Optimize web performance,frontend,redux,112
Design a user-friendly interface,frontend,sass,112
Improve website accessibility,frontend,ember.js,112
Develop a mobile-first UI,frontend,html,112
Create a responsive website,frontend,typescript,112
Optimize web performance,frontend,javascript,112
Create a responsive website,frontend,javascript,112
Design a user-friendly interface,frontend,css,112
Optimize web performance,frontend,css,112
Create a responsive website,frontend,react,112
Develop a mobile-first UI,frontend,typescript,112
Design a user-friendly interface,frontend,UI,112
Implement a landing page,frontend,materialize,112
Improve website accessibility,frontend,redux,112
Design a user-friendly interface,frontend,foundation,112
Implement a landing page,frontend,sass,112
Develop a mobile-first UI,frontend,ember.js,112
Optimize web performance,frontend,bootstrap,112
Design a user-friendly interface,frontend,ember.js,112
Create a responsive website,frontend,user-friendly,112
Develop a mobile-first UI,frontend,UX,112
Implement a landing page,frontend,vue,112
Develop a mobile-first UI,frontend,vue,112
Design a user-friendly interface,frontend,user-friendly,112
Develop a mobile-first UI,frontend,redux,112
Design a user-friendly interface,frontend,react,112
Create a responsive website,frontend,angular,112
Create a responsive website,frontend,jquery,112
Develop a mobile-first UI,frontend,jquery,112
Create a responsive website,frontend,css,112
Develop a mobile-first UI,frontend,javascript,112
Create a responsive website,frontend,html,112
Implement a landing page,frontend,angular,112
Design a user-friendly interface,frontend,html,112
Implement a landing page,frontend,foundation,112
Optimize web performance,frontend,jquery,112
Develop a mobile-first UI,frontend,bootstrap,112
Develop a mobile-first UI,frontend,react,112
Optimize website for SEO,frontend,html,112
Build interactive forms,frontend,typescript,112
Create a dynamic dashboard,frontend,vue,112
Design a landing page,frontend,angular,112
Implement responsive design,frontend,sass,112
Implement accessibility standards,frontend,aria,112
Add animations to improve UX,frontend,gsap,112
Create reusable UI components,frontend,react,112
Implement dark mode theme,frontend,css,112
Optimize website loading speed,frontend,webpack,112
Assign tasks to team members,project management,trello,58
Facilitate daily standup meetings,project management,jira,58
Manage Agile workflows,project management,agile,58
Facilitate team communication,project management,Slack,58
Coordinate with team using Jira,project management,version control,58
Facilitate daily standup meetings,project management,scrum,58
Define project scope and deliverables,project management,JIRA,58
Plan project sprints,project management,scrum,58
Assign tasks to team members,project management,jira,58
Coordinate with team using Jira,project management,agile,58
Assign tasks to team members,project management,collaboration tools,58
Monitor project progress,project management,Trello,58
Assign tasks to team members,project management,scrum,58
Risk assessment and management,project management,RiskMatrix,58
Facilitate daily standup meetings,project management,version control,58
Assign tasks to team members,project management,microsoft project,58
Facilitate daily standup meetings,project management,kanban,58
Track project progress,project management,trello,58
Facilitate daily standup meetings,project management,agile,58
Coordinate with team using Jira,project management,collaboration tools,58
Assign tasks to team members,project management,version control,58
Manage Agile workflows,project management,kanban,58
Assign tasks to team members,project management,agile,58
Track project progress,project management,agile,58
Manage Agile workflows,project management,version control,58
Manage Agile workflows,project management,scrum,58
Allocate resources effectively,project management,MS Project,58
Plan project sprints,project management,agile,58
Plan project sprints,project management,kanban,58
Plan project sprints,project management,version control,58
Facilitate daily standup meetings,project management,microsoft project,58
Coordinate with team using Jira,project management,trello,58
Coordinate with team using Jira,project management,kanban,58
Manage Agile workflows,project management,trello,58
Track project progress,project management,scrum,58
Track project progress,project management,jira,58
Plan project sprints,project management,trello,58
Manage Agile workflows,project management,jira,58
Manage Agile workflows,project management,microsoft project,58
Coordinate with team using Jira,project management,microsoft project,58
Track project progress,project management,collaboration tools,58
Facilitate daily standup meetings,project management,trello,58
Plan project sprints,project management,jira,58
Coordinate with team using Jira,project management,scrum,58
Assign tasks to team members,project management,kanban,58
Plan project sprints,project management,collaboration tools,58
Track project progress,project management,microsoft project,58
Track project progress,project management,version control,58
Facilitate daily standup meetings,project management,collaboration tools,58
Plan project sprints,project management,microsoft project,58
Manage Agile workflows,project management,collaboration tools,58
Coordinate with team using Jira,project management,jira,58
Track project progress,project management,kanban,58
Organize daily stand-ups,project management,scrum,58
Plan project milestones,project management,microsoft project,58
Track team progress,project management,trello,58
Manage Agile sprints,project management,jira,58
Collaborate on version control,project management,git,58
Create test cases for API,testing,testing library,58
Automate integration tests,testing,jest,58
Perform load testing,testing,junit,58
Run performance tests,testing,junit,58
Write unit tests,testing,chai,58
Set up Selenium for browser tests,testing,mocha,58
Perform load testing,testing,testing library,58
Create test cases for API,testing,selenium,58
Run performance tests,testing,chai,58
Create test cases for API,testing,chai,58
Automate integration tests,testing,selenium,58
Set up Selenium for browser tests,testing,chai,58
Create test cases for API,testing,pytest,58
Write unit tests,testing,pytest,58
Write unit tests,testing,junit,58
Perform load testing,testing,cypress,58
Run performance tests,testing,cypress,58
Write unit tests,testing,testing library,58
Set up Selenium for browser tests,testing,selenium,58
Write unit tests,testing,selenium,58
Run performance tests,testing,selenium,58
Automate integration tests,testing,testing library,58
Set up Selenium for browser tests,testing,testing library,58
Automate integration tests,testing,chai,58
Run performance tests,testing,mocha,58
Create test cases for API,testing,jest,58
Perform load testing,testing,pytest,58
Run performance tests,testing,testing library,58
Perform load testing,testing,chai,58
Automate integration tests,testing,mocha,58
Perform load testing,testing,jest,58
Create test cases for API,testing,cypress,58
Run performance tests,testing,pytest,58
Set up Selenium for browser tests,testing,junit,58
Set up Selenium for browser tests,testing,jest,58
Write unit tests,testing,mocha,58
Run performance tests,testing,jest,58
Set up Selenium for browser tests,testing,cypress,58
Create test cases for API,testing,junit,58
Automate integration tests,testing,cypress,58
Write unit tests,testing,cypress,58
Perform load testing,testing,mocha,58
Write unit tests,testing,jest,58
Perform load testing,testing,selenium,58
Set up Selenium for browser tests,testing,pytest,58
Create test cases for API,testing,mocha,58
Automate integration tests,testing,junit,58
Automate integration tests,testing,pytest,58
Automate UI testing,testing,selenium,58
Perform end-to-end testing,testing,cypress,58
Test frontend components,testing,jest,58
Write unit tests for APIs,testing,pytest,58
Write integration tests,testing,junit,58
Conduct performance testing,testing,JMeter,58
Create automated test cases,testing,Selenium,58
Perform security testing,testing,OWASP,58
Develop unit tests,testing,JUnit,58
Set up continuous integration for testing,testing,Jenkins,58
Conduct user research,ui/ux design,UserTesting,5
Design for accessibility,ui/ux design,WCAG,5
Develop interactive designs,ui/ux design,Adobe XD,5
Create wireframes and prototypes,ui/ux design,Figma,5
Implement user feedback,ui/ux design,Sketch,5
Train model for image recognition,ai/ml,PyTorch,127
Set up data pipeline for ML model training,ai/ml,Apache Spark,127
Deploy model for real-time predictions,ai/ml,Docker,127
Implement sentiment analysis for feedback,ai/ml,NLTK,127
Build predictive model for user behavior,ai/ml,TensorFlow,127
Develop chatbot for customer support,ai/ml,Rasa,127
Create recommendation engine for products,ai/ml,scikit-learn,127
Build a time series forecasting model,ai/ml,Prophet,127
Implement face detection feature,ai/ml,OpenCV,127
Conduct model drift analysis,ai/ml,Alibi Detect,127
Build neural network for image classification,ai/ml,Keras,127
Implement natural language processing for text analysis,ai/ml,spaCy,127
Perform hyperparameter tuning,ai/ml,Optuna,127
Design a convolutional neural network for object detection,ai/ml,YOLO,127
Conduct feature selection for a large dataset,ai/ml,BorutaPy,127
Automate data augmentation for training images,ai/ml,Augmentor,127
Develop text generation model,ai/ml,GPT-2,127
Implement audio processing for speech recognition,ai/ml,Librosa,127
Create personalized ad targeting model,ai/ml,XGBoost,127
Build a generative adversarial network (GAN),ai/ml,TensorFlow-GAN,127
Train a language translation model,ai/ml,Hugging Face,127
Implement reinforcement learning for game AI,ai/ml,Stable Baselines,127
Develop fraud detection system,ai/ml,Isolation Forest,127
Set up ML experiment tracking,ai/ml,MLflow,127
Build text summarization model,ai/ml,BERT,127
Develop stock price prediction model,ai/ml,LSTM,127
Implement transfer learning for image classification,ai/ml,EfficientNet,127
Train model for image segmentation,ai/ml,U-Net,127
Deploy ML model on mobile device,ai/ml,TensorFlow Lite,127
Conduct sentiment analysis for tweets,ai/ml,VADER,127
Train object detection model on custom dataset,ai/ml,Faster R-CNN,127
Set up data labeling workflow for supervised learning,ai/ml,Labelbox,127
Conduct clustering analysis for market segmentation,ai/ml,K-Means,127
Implement recommendation system using collaborative filtering,ai/ml,ALS,127
Build speech-to-text model for voice commands,ai/ml,DeepSpeech,127
Design and deploy a model for personalized search,ai/ml,Elasticsearch,127
Perform real-time anomaly detection on IoT data,ai/ml,ADTK,127
Implement Named Entity Recognition (NER),ai/ml,SpaCy,127
Develop a chatbot with emotion detection,ai/ml,Transformer,127
Set up end-to-end ML pipeline in production,ai/ml,Kubeflow,127
Conduct OCR for scanned document processing,ai/ml,Tesseract,127
Build predictive maintenance model for machinery,ai/ml,RandomForest,127
Implement topic modeling for text documents,ai/ml,LDA,127
Train multi-label classification model,ai/ml,scikit-multilearn,127
Develop ML model for credit scoring,ai/ml,LightGBM,127
Set up real-time recommendations on streaming data,ai/ml,Apache Flink,127
Perform dimensionality reduction for high-dimensional data,ai/ml,PCA,127
Build facial recognition model,ai/ml,Dlib,127
Design adversarial examples for model testing,ai/ml,Cleverhans,127
Implement automated machine learning (AutoML),ai/ml,H2O.ai,127
Conduct semantic similarity analysis,ai/ml,Sentence-BERT,127
Build human pose estimation model,ai/ml,OpenPose,127
Train text classification model,ai/ml,FastText,127
Develop image colorization model,ai/ml,DeOldify,127
Implement regression model for sales prediction,ai/ml,Linear Regression,127
Set up image data annotation for computer vision,ai/ml,Supervisely,127
Conduct social network analysis,ai/ml,NetworkX,127
Implement deep reinforcement learning for robotic control,ai/ml,DQN,127
Train time series model for demand forecasting,ai/ml,Facebook Prophet,127
Build recommendation model with deep learning,ai/ml,DeepRecSys,127
Conduct exploratory data analysis for ML project,ai/ml,Pandas,127
Implement document similarity for plagiarism detection,ai/ml,Doc2Vec,127
Build image classifier for animal species detection,ai/ml,MobileNet,127
Set up fraud detection system using anomaly detection,ai/ml,IsolationForest,127
Develop audio sentiment analysis system,ai/ml,Praat,127
Implement predictive text input system,ai/ml,RNN,127
Build AI-powered resume screening tool,ai/ml,TextBlob,127
Train entity linking model for knowledge graph,ai/ml,OpenKE,127
Implement style transfer for images,ai/ml,NeuralStyle,127
Develop deepfake detection model,ai/ml,Xception,127
Create speech synthesis model,ai/ml,Tacotron,127
Implement product categorization model,ai/ml,BERT,127
Train image captioning model,ai/ml,Show and Tell,127
Conduct feature engineering for predictive model,ai/ml,FeatureTools,127
Build object tracking model for video analysis,ai/ml,SORT,127
Implement voice cloning model,ai/ml,SV2TTS,127
Develop real-time video analytics for surveillance,ai/ml,YOLOv5,127
Create anomaly detection for cybersecurity logs,ai/ml,PyCaret,127
Conduct time series anomaly detection,ai/ml,ARIMA,127
Implement text sentiment analysis for product reviews,ai/ml,TextBlob,127
Train model for autonomous driving,ai/ml,Carla,127
Set up customer churn prediction model,ai/ml,XGBoost,127
Implement key phrase extraction from text,ai/ml,RAKE,127
Develop AI model for medical diagnosis,ai/ml,DenseNet,127
Conduct real-time text translation,ai/ml,MarianMT,127
Train model for text-to-image generation,ai/ml,DALL-E,127
Implement zero-shot learning model,ai/ml,Zero-shot BERT,127
Conduct multilingual sentiment analysis,ai/ml,Polyglot,127
Build attention-based sequence model,ai/ml,Transformer,127
Train model for entity recognition in healthcare,ai/ml,BioBERT,127
Develop AI-based handwriting recognition system,ai/ml,CRNN,127
Implement personality prediction from social media,ai/ml,LIWC,127
Build automated customer service with NLP,ai/ml,Dialogflow,127
Create trend prediction model for fashion,ai/ml,LSTM,127
Implement deepfake video generator,ai/ml,StyleGAN,127
Train real-time face authentication model,ai/ml,FaceNet,127
Conduct automated product tagging for e-commerce,ai/ml,CNN,127
Develop sentiment analysis model for movie reviews,ai/ml,BERT,127
Build personalized learning recommendation model,ai/ml,Matrix Factorization,127
Implement document retrieval model for search engines,ai/ml,BM25,127
Conduct predictive analytics for insurance claims,ai/ml,RandomForest,127
Set up reinforcement learning for stock trading,ai/ml,Proximal Policy Optimization,127
Build model for detecting diabetic retinopathy in images,ai/ml,DenseNet,127
Implement real-time object detection on video streams,ai/ml,YOLOv4,127
Set up facial emotion recognition system,ai/ml,FER (Facial Expression Recognition),127
Develop real-time weather forecasting model,ai/ml,LSTM,127
Train conversational AI for mental health support,ai/ml,GPT-3,127
Conduct behavior analysis in retail environments,ai/ml,Keras,127
Build emotion-based music recommendation system,ai/ml,Recurrent Neural Networks (RNN),127
Develop personalized ad recommendation based on browsing data,ai/ml,Collaborative Filtering,127
Set up real-time object tracking in sports videos,ai/ml,OpenCV,127
Implement emotion recognition from audio samples,ai/ml,DeepSpeech,127
Develop image super-resolution using deep learning,ai/ml,ESRGAN,127
Build automated scoring system for quizzes,ai/ml,GPT-3,127
Implement model for fraudulent credit card transaction detection,ai/ml,CatBoost,127
Set up real-time translation for multilingual customer support,ai/ml,MarianMT,127
Train model for gesture recognition,ai/ml,MediaPipe,127
Conduct audio sentiment analysis using speech patterns,ai/ml,Praat,127
Develop recommendation system based on user ratings,ai/ml,ALS,127
Implement noise reduction in audio files,ai/ml,Wave-U-Net,127
Build language model for poetry generation,ai/ml,GPT-2 Fine-Tuning,127
Conduct disease prediction model for healthcare,ai/ml,Logistic Regression,127
Train model for image recognition,ai/ml,pytorch,127
Set up data pipeline for ML model training,ai/ml,apache spark,127
Deploy model for real-time predictions,ai/ml,docker,127
Implement sentiment analysis for feedback,ai/ml,nltk,127
Build predictive model for user behavior,ai/ml,tensorflow,127
